spot_id,volume_um3,volume_vox,integrated_intensity,mean_intensity,centroid_x_um,centroid_y_um,centroid_z_um
1,272.000000,272,64000.00,235.2941,19.5000,19.5000,4.0000
2,272.000000,272,72000.00,264.7059,44.5000,44.5000,4.0000
